,GDPC1,INDPRO,PAYEMS,HOUST,RSXFS,CPIAUCSL,UNRATE,FEDFUNDS,GS10,BAA10YM,T10Y2Y
2025-12-01,2.964215682557013,0.04887797124423441,0.019533143801988853,-0.1329235070682519,-0.07686109955558329,0.12321674982820038,-0.6106407500066668,0.3691561639773303,-0.12043771119028411,-0.6718004845892598,-0.46166299799561167
