,GDPC1,INDPRO,PAYEMS,HOUST,RSXFS,CPIAUCSL,UNRATE,FEDFUNDS,GS10,BAA10YM,T10Y2Y
2026-03-01,3.034434656076092,0.05162442309398425,0.05556412710040488,-0.027420344249856458,-0.011196287954694475,0.057300847295145146,-0.680482787524014,0.2617843883948185,-0.0596608484363839,-0.7848153964461752,-0.3066548814820909
